Train,Dev
6.756610870361328,1.301495
3.132021188735962,1.1715115
