Train,Dev
6.756610870361328,1.301495
3.132021188735962,1.1715115
6.1798014640808105,0.98407835
3.9278817176818848,0.91948014
