Train,Dev
6.039356708526611,1.3168621
4.1917643547058105,1.2109177
