Train,Dev
6.039356708526611,1.3168621
4.1917643547058105,1.2109177
3.7545835971832275,1.0232698
4.0334906578063965,0.95980185
